[
  {"name":"Zürich","canton":"ZH","lat":47.3768866,"lon":8.541694},
  {"name":"Geneva","canton":"GE","lat":46.2043907,"lon":6.1431577},
  {"name":"Basel","canton":"BS","lat":47.5595985,"lon":7.5885761},
  {"name":"Lausanne","canton":"VD","lat":46.5196535,"lon":6.6322734},
  {"name":"Bern","canton":"BE","lat":46.94809,"lon":7.44744},
  {"name":"Winterthur","canton":"ZH","lat":47.4988194,"lon":8.7237216},
  {"name":"Lucerne","canton":"LU","lat":47.0501682,"lon":8.3093072},
  {"name":"St. Gallen","canton":"SG","lat":47.4244818,"lon":9.3767173},
  {"name":"Lugano","canton":"TI","lat":46.0036771,"lon":8.9510577},
  {"name":"Biel/Bienne","canton":"BE","lat":47.1367866,"lon":7.2467645},
  {"name":"Thun","canton":"BE","lat":46.7587012,"lon":7.6212935},
  {"name":"Köniz","canton":"BE","lat":46.9281,"lon":7.3996},
  {"name":"La Chaux-de-Fonds","canton":"NE","lat":47.1036,"lon":6.8274},
  {"name":"Fribourg","canton":"FR","lat":46.8065,"lon":7.1618},
  {"name":"Schaffhausen","canton":"SH","lat":47.6970,"lon":8.6345},
  {"name":"Chur","canton":"GR","lat":46.8490,"lon":9.5300},
  {"name":"Neuchâtel","canton":"NE","lat":46.9911,"lon":6.9319},
  {"name":"Vernier","canton":"GE","lat":46.1956,"lon":6.1175},
  {"name":"Sion","canton":"VS","lat":46.2298,"lon":7.3580},
  {"name":"Uster","canton":"ZH","lat":47.3496,"lon":8.7284},
  {"name":"Yverdon-les-Bains","canton":"VD","lat":46.7785,"lon":6.6412},
  {"name":"Lancy","canton":"GE","lat":46.1872,"lon":6.1314},
  {"name":"Emmen","canton":"LU","lat":47.0821,"lon":8.2839},
  {"name":"Kriens","canton":"LU","lat":47.0311,"lon":8.2923},
  {"name":"Meyrin","canton":"GE","lat":46.2370,"lon":6.0494},
  {"name":"Rapperswil-Jona","canton":"SG","lat":47.2253,"lon":8.8178},
  {"name":"Riehen","canton":"BS","lat":47.5777,"lon":7.6479},
  {"name":"Wetzikon","canton":"ZH","lat":47.3127,"lon":8.7727},
  {"name":"Zug","canton":"ZG","lat":47.1660,"lon":8.5156},
  {"name":"Montreux","canton":"VD","lat":46.4312,"lon":6.9109},
  {"name":"Dietikon","canton":"ZH","lat":47.3907,"lon":8.4204},
  {"name":"Brugg","canton":"AG","lat":47.4839,"lon":8.2045},
  {"name":"Wil","canton":"SG","lat":47.4558,"lon":9.0446},
  {"name":"Kreuzlingen","canton":"TG","lat":47.6486,"lon":9.1730},
  {"name":"Baar","canton":"ZG","lat":47.1742,"lon":8.5099},
  {"name":"Bellinzona","canton":"TI","lat":46.1911,"lon":9.0200},
  {"name":"Morges","canton":"VD","lat":46.5115,"lon":6.4992},
  {"name":"Sierre","canton":"VS","lat":46.2996,"lon":7.5351},
  {"name":"Schwyz","canton":"SZ","lat":47.0208,"lon":8.6508},
  {"name":"Stans","canton":"NW","lat":46.9668,"lon":8.3682},
  {"name":"Grenchen","canton":"SO","lat":47.1866,"lon":7.3879},
  {"name":"Langenthal","canton":"BE","lat":47.2133,"lon":7.7796},
  {"name":"Wädenswil","canton":"ZH","lat":47.2284,"lon":8.7037},
  {"name":"Mendrisio","canton":"TI","lat":45.8779,"lon":8.9715},
  {"name":"Aarau","canton":"AG","lat":47.3925,"lon":8.0440},
  {"name":"Olten","canton":"SO","lat":47.3490,"lon":7.9030}
]
